product,subreddit,title,score,comments,upvote_ratio
Owala FreeSip,HydroHomies,Henry is a real Homie,7855,45,0.98
Owala FreeSip,HydroHomies,I stumbled upon this sub's theme song,3655,137,0.98
Owala FreeSip,HydroHomies,My new emotional support water bottle!,3599,181,0.93
PS5 Pro,PS5,"Starfield PS5 players demand refunds, reporting widespread bugs and glitches that leave the game ""unplayable""",3242,631,0.87
iPhone 17,apple,FBI Extracts Suspect’s Deleted Signal Messages Saved in iPhone Notification Database,2755,390,0.98
iPhone 17,iphone,This is the iPhone roadmap according to analyst Ming-Chi Kuo,1928,329,0.94
PS5 Pro,playstation,These trophies should be non existent imo.,1889,107,0.97
PS5 Pro,playstation,Whose still playing on PS3 and PS4 in 2026 due to being too poor to get a ps5 after the price increase?,1559,615,0.91
Nvidia RTX 5090,hardware,Two Japanese suppliers commit to keeping Blu-ray discs and drives in supply as major manufacturers exist domestic market,1481,135,0.99
iPhone 17,apple,Leaker: Apple Will Release iPhone Air 2 No Matter How Badly It May Sell,1355,508,0.95
iPhone 17,apple,Apple Highlights Photos Shot on iPhone During NASA's Mission to Moon,1347,125,0.97
iPhone 17,apple,"Apple removes old Pages, Keynote, Numbers apps for macOS",1309,210,0.97
PS5 Pro,PS5,"Crimson Desert Dev Update New Content and Features: Boss Rematches, Re-blockading, Difficulty Settings, Improvements to Character Play, QoL Improvements and Life Features, etc",1293,413,0.94
iPhone 17,apple,We Found a Ticking Time Bomb in macOS TCP Networking - It Detonates After Exactly 49 Days - Photon,1290,204,0.92
PS5 Pro,playstation,PS5 Limited Edition controllers,1284,198,0.93
iPhone 17,apple,WWDC26 confirmed for June 8th,1157,152,0.98
iPhone 17,apple,Apple closing its unionized store at Towson Town Center,1103,238,0.85
PS5 Pro,PS5,Graveyard Keeper 1 is currently available for FREE to claim on Playstation,1074,137,0.97
Owala FreeSip,HydroHomies,Best company ever!,1056,21,0.98
iPhone 17,iphone,Camera control button should allow us to use something different,1049,146,0.96
Owala FreeSip,HydroHomies,Hydrohomie food from Eastern India,988,88,0.96
iPhone 17,apple,"Apple Mac Shipments Grew 9% in Q1 2026, Outpacing Overall PC Market",985,114,0.98
PS5 Pro,playstation,This is still Sony's best design of any of their consoles,960,107,0.93
iPhone 17,apple,Apple's Three-Year Plan to 'Reinvent' the iPhone is Underway,951,269,0.95
PS5 Pro,PS5,PlayStation Store Spring Sale Refresh Adds More Games,950,151,0.96
iPhone 17,apple,Apple is Permanently Closing Three U.S. Stores in June,942,206,0.94
PS5 Pro,PS5,Pragmata | Review Megathread,896,258,0.97
PS5 Pro,PS5,Information from the Rockstar hacking has been posted (They make a LOT of money from GTA Online),888,285,0.97
PS5 Pro,playstation,[Millie A] PS3 Active Users Dropped from 1.1 million in February to 240k in March Due to Netflix Ending Support,871,52,0.98
PS5 Pro,PS5,"Crimson Desert: This patch adds the Weapon Display option, new skills for each character, and more. Additionally, further control and UI-related improvements have been applied, including enabling teleportation while mounted, falling, swimming, or climbing walls.",855,214,0.94
PS5 Pro,playstation,To Resident Evil's very first zombie: Thank you for 30 years of scares!,828,27,0.99
PS5 Pro,PS5,PS Store on PS5 is also getting a redesign,815,210,0.97
PS5 Pro,PS5,Pragmata Review (IGN: 8/10),770,293,0.94
PS5 Pro,PS5,'Metro 2039' officially announced. First look to be revealed on April 16.,768,128,0.97
iPhone 17,apple,Apple Says Southern Lebanon Villages Weren’t Removed From Maps. It Never Had Them,761,153,0.94
PS5 Pro,PS5,"Jeff Grubb has heard that Fable has been pushed internally. That doesn't mean that it's coming out next year. Apparently they're still trying to get it out this year, but worried about GTA 6",731,265,0.94
PS5 Pro,PS5,"Rockstar has confirmed to Kotaku that a data breach occurred. “We can confirm that a limited amount of non-material company information was accessed in connection with a third-party data breach. This incident has no impact on our organization or our players,"" said a Rockstar spokesperson.",688,17,0.96
Nvidia RTX 5090,nvidia,"[Megathread] NVIDIA App Update Adds DLSS 4.5 Dynamic Multi Frame Generation, Intelligently Balancing Frame Rates, Image Quality &amp; Responsiveness",684,799,0.95
PS5 Pro,PS5,Rockstar hackers set to release GTA 6 data breach as ‘demands not met’,665,86,0.92
iPhone 17,apple,"Apple AI Glasses Will Rival Meta’s With Several Styles, Oval Cameras",640,443,0.9
Owala FreeSip,HydroHomies,Very accurate,617,8,0.99
iPhone 17,apple,Several Mac mini and Mac Studio configs are now completely out of stock at Apple,616,53,0.97
iPhone 17,apple,Porting Mac OS X to the Nintendo Wii,592,48,0.97
Owala FreeSip,HydroHomies,What exactly is it they do to make these abominations taste so off putting? I'm genuinely curious.,588,226,0.95
Nvidia RTX 5090,hardware,Every GPU That Mattered,587,216,0.87
PS5 Pro,PS5,"Phantom Blade Zero is currently in the intense, final stages of development. Every single piece of content in our game has been crafted by the hands of real artists. We will not use AI visual tech that could alter our artists' original creative intent.",570,103,0.93
PS5 Pro,PS5,"Report: Hideo Kojima’s Physint New Casting Details Unearthed, Teasing a Villain",568,72,0.95
PS5 Pro,playstation,Cyberpunk now looks a generation ahead on PS5 Pro compared to base consoles running at twice the framerate,557,245,0.85
PS5 Pro,playstation,I can't play Spider-Man: Remastered,544,92,0.9
Nvidia RTX 5090,nvidia,Benchmarking Nvidia's RTX Neural Texture Compression tech that can reduce VRAM usage by over 80%,544,116,0.96
Nvidia RTX 5090,hardware,ASUS increases Qualcomm Snapdragon X2 Elite laptop prices just hours after reviews go live,528,126,0.97
iPhone 17,apple,Apple Car Key Support Coming to Lexus Vehicles,518,60,0.96
Nvidia RTX 5090,hardware,"JUSTICE: NZXT, Fragile to Pay $3,450,000 for Rental PC Scam",512,136,0.85
iPhone 17,apple,"iPhone Ultra's Price Range Revealed [""expected to cross the $2,000 threshold""]",508,206,0.91
Nvidia RTX 5090,hardware,"Researchers developed a memory device that kept working at 700°C, opening a path to electronics for Venus, drilling, and AI",505,49,0.95
Owala FreeSip,HydroHomies,The best part of waking up. Ice cold water in your cup.,500,24,0.99
PS5 Pro,playstation,Finally joined the cool kids club,492,44,0.94
PS5 Pro,PS5,Starfield PS5/PS5 Pro Review - A Good Game... But There Are Issues,479,467,0.82
PS5 Pro,playstation,Should Sony make a new PlayStation All-Stars game?,462,119,0.93
PS5 Pro,PS5,Hacker Group ShinyHunters Claim GTA 6 Developer Rockstar Games is Once Again Breached,455,72,0.91
PS5 Pro,PS5,Wuchang: Fallen Feathers dev team dissolved; Director forced out of the company,454,191,0.95
Nvidia RTX 5090,hardware,"Intel shows Texture Set Neural Compression, claims up to 18x smaller texture sets",449,112,0.97
iPhone 17,iphone,Can i not remove the ones in red while keeping the ones in green??,448,73,0.87
iPhone 17,apple,"AirPods Max 2 are here, but rumors say a bigger overhaul might be coming",435,89,0.86
PS5 Pro,playstation,Which one looks better?,434,69,0.95
Owala FreeSip,HydroHomies,When the homie isn't hydrated,428,8,0.99
PS5 Pro,PS5,"New Metro Game Announcement Expected Next Week, It’s Claimed",428,57,0.94
iPhone 17,apple,"Jim Allchin to Gates and Ballmer: ""I would buy a Mac today if I was not working at Microsoft"" (2004)",422,67,0.97
PS5 Pro,PS5,Ex-Bethesda Exec (Pete Hines) Says The Elder Scrolls 6 Maker Isn't Part Of Something 'Genuine' Or 'Authentic' At Microsoft,394,188,0.88
Nvidia RTX 5090,hardware,"[Videocardz] NVIDIA N1 laptop motherboard has been pictured, features 128GB LPDDR5X memory",374,128,0.95
iPhone 17,apple,Apple's AI Chief John Giannandrea Departs This Week,369,86,0.97
iPhone 17,apple,Mac OS X Cheetah Successfully Ported to Nintendo Wii,367,26,0.97
iPhone 17,apple,Ads in Maps…,366,304,0.85
PS5 Pro,playstation,Starfield Launch Megathread | April 7th 2026,363,382,0.79
Nvidia RTX 5090,buildapc,"How to Make My PC ""Inconspicuous""?",358,123,0.92
Nvidia RTX 5090,nvidia,Used the RT Cores on my RTX 5070 Ti for LLM routing — 218x speedup on a single consumer GPU,357,115,0.92
iPhone 17,apple,iOS and iPadOS 26.4.1 released,351,120,0.94
PS5 Pro,PS5,New insider Alir claimed a couple weeks back that Naughty Dog’s second game is indeed an Uncharted game,348,163,0.9
Air Jordan 11,Sneakers,Spoiled my husband with these this weekend 👟,340,138,0.89
PS5 Pro,PS5,Do you still buy your PS5 games physically?,334,740,0.84
PS5 Pro,PS5,‘Metal Gear Solid’ Movie in the Works From ‘Final Destination’ Duo as They Ink Sony First-Look,327,189,0.89
Nvidia RTX 5090,nvidia,Nvidia branded watch,326,34,0.95
Nvidia RTX 5090,hardware,Keychron is giving its popular mechanical keyboard designs to the community,325,61,0.98
PS5 Pro,playstation,"Can someone explain to me why my PS5 can handle 4K gaming, 60FPS, crazy graphics, but struggles on game trailers in the store",320,41,0.87
Nvidia RTX 5090,hardware,An open-source 240-antenna array to bounce signals off the Moon,318,14,0.97
Nvidia RTX 5090,hardware,Lexar confirms that CFexpress cards run hotter than SD cards in cameras – and says it's an industry-wide challenge,311,65,0.97
Nvidia RTX 5090,hardware,[LTT X NASA] How Close is Too Close? Applying Fundamental Fluid Dynamics Research Methods to PC Cooling,304,68,0.78
Air Jordan 11,Nike,Outlet find! 👀,303,34,0.99
Nvidia RTX 5090,hardware,Benchmarking Nvidia's RTX Neural Texture Compression tech that can reduce VRAM usage by over 80%,297,81,0.94
Nvidia RTX 5090,buildapc,X3D or non-X3D?,294,248,0.88
Nvidia RTX 5090,nvidia,NVIDIA App v11.0.7.237 Released,293,211,0.93
Nvidia RTX 5090,hardware,"(Videocardz) Exclusive: Intel Core Ultra 400 ""Nova Lake-S"" preliminary SKU list leaked: 6 to 52 cores, DDR5-8000 and forward socket compatibility",285,181,0.95
Air Jordan 11,Sneakers,"Monday, stay crispy like 🥓",279,18,0.99
iPhone 17,apple,Does Apple even Care? Apple AirPods Max 2 vs. Sony WH-1000XM6 - SoundGuys,276,219,0.76
iPhone 17,apple,Apple leads global Q1 smartphone shipments for the first time with a 21% market share in Q1 2026,272,12,0.96
Owala FreeSip,HydroHomies,Feel this way after a long meeting but I drank a ton during lunch,272,11,0.99
iPhone 17,apple,The Latest Foldable iPhone Rumors: What's Changed and What We Know Now,262,156,0.84
Nvidia RTX 5090,hardware,Reminder: Please do not submit tech support or build questions to /r/hardware,245,19,0.93
Nvidia RTX 5090,nvidia,Nvidia Is Negotiating To Buy A Large PC Oriented Company,243,108,0.94
PS5 Pro,PS5,What is the most number of times you have played through a main story?,239,566,0.92
Nvidia RTX 5090,nvidia,"Breaking: NVIDIA N1 laptop motherboard has been pictured, features 128GB LPDDR5X memory",237,39,0.97
iPhone 17,apple,"'iPhone Ultra' Will Solve Two Key Problems [""screen quality and overall durability""]",236,179,0.81
Nvidia RTX 5090,nvidia,ROG Strix 5070,236,50,0.89
PS5 Pro,PS5,"PS5 Help and Questions Megathread | Game Recommendations, Simple Questions, and Tech Support",231,24036,0.98
PS5 Pro,playstation,My OG PS5 with a fresh skin :),229,14,0.99
Owala FreeSip,HydroHomies,OK so what is worse for me to drink?,227,69,0.93
Nvidia RTX 5090,hardware,Microsoft raises prices of their Surface PCs by up to 500$ due to DRAM/NAND crysis,226,87,0.94
PS5 Pro,PS5,Marathon - Recon Shell Cinematic | PS5 &amp; PC Games,223,124,0.77
iPhone 17,iphone,iPhone is such a powerful device,221,119,0.87
iPhone 17,apple,Europe's Largest Apple Museum Opens in the Netherlands With 50 Years of Products on Display,219,14,0.97
PS5 Pro,PS5,Cairn - On the Trail: Deep Water Reveal trailer | PS5 Games,211,31,0.95
PS5 Pro,PS5,"According to Jez Corden, the next Metro game is called Metro 2039",210,35,0.91
PS5 Pro,PS5,Graveyard Keeper 2 - Announcement Trailer | PS5 Games,201,16,0.93
Nvidia RTX 5090,hardware,NVIDIA N1 laptop board leak shows 128GB LPDDR5X configuration.,201,43,0.93
iPhone 17,apple,"Apple's Pixelmator Pro Update Brings iPhone 17 Mockups, Keyboard Shortcuts, and Expanded Camera Support",200,41,0.94
Nvidia RTX 5090,hardware,Intel's return to top with Nova Lake looks possible with more IPC uplift vs Zen 6,200,183,0.78
Owala FreeSip,HydroHomies,"Water with its number 1 sidekick, lemon slices (feat. my wife’s painting paying homage to lemons)",196,6,0.98
Owala FreeSip,HydroHomies,Chilly,195,5,1.0
Owala FreeSip,HydroHomies,pov: coming from a desert TvT,194,5,1.0
Nvidia RTX 5090,nvidia,Took an year but here is my finished build with 5080.,193,28,0.87
Owala FreeSip,Owala,I can’t believe I ever convinced myself that I didn’t need Boo-Ya…,193,31,1.0
PS5 Pro,PS5,I had no idea just how beautiful Horizon Zero Dawn Looks,192,86,0.79
PS5 Pro,playstation,Collection from ps1 to ps3 not including ps4-ps5 collection,189,11,0.97
Air Jordan 11,Sneakers,"Its beautiful and sunny today, safe enough to finally break these out and give them some love and wear",188,27,0.95
Nvidia RTX 5090,nvidia,"ASUS introduces ROG Equalizer 12V-2x6 cable, ASUS to offer discounted upgrade for existing ROG PSU users - VideoCardz.com",184,84,0.96
Owala FreeSip,Owala,OU Owala,184,61,0.94
Nvidia RTX 5090,nvidia,Will I have an issue with GPU sag?,182,71,0.84
PS5 Pro,playstation,So my console was overheating constantly,180,58,0.86
Owala FreeSip,HydroHomies,Never taken a right turn quicker in my life,179,9,1.0
iPhone 17,apple,macOS 26.4.1 released,176,19,0.95
Nvidia RTX 5090,hardware,Why don't we see any x86 competition to the unified memory approach of the Mac Studio,174,281,0.78
Nvidia RTX 5090,hardware,"Qualcomm Snapdragon X2 PCs reach retail, ASUS launches X2 Elite Extreme laptop with 48GB memory at $1,599",171,96,0.93
Air Jordan 11,Sneakers,Happy Monday!,167,9,0.98
PS5 Pro,PS5,Fable Social Media Account Reiterates Fall 2026 Release Window Amid Rumors of an Internal Delay to Avoid GTA 6,160,30,0.9
PS5 Pro,playstation,Do you guys stick to one game at a time or bounce between different games? (Cyberpunk 2077 pic),160,177,0.96
iPhone 17,apple,Windows 11 On The MacBook Neo! Better Than Expected - ETA PRIME,159,82,0.8
iPhone 17,apple,"At least for now, Liquid Glass in Pixelmator Pro remains a Creator Studio exclusive",148,37,0.94
Owala FreeSip,Owala,Finally understand the sip / chug feature,144,57,0.86
iPhone 17,apple,New Huawei Foldable Looks a Lot Like Apple's Rumored iPhone Fold,142,60,0.91
Owala FreeSip,Owala,Birthday bash was worth it! The bottles look better IRL!,140,43,0.99
Air Jordan 11,Sneakers,ASICS Gel- Lyte 3 Strawberry &amp; Cream 2016,139,10,0.99
Nvidia RTX 5090,hardware,AMD Ryzen 7 9850X3D Review: Zen 5's minor X3D refresh reigns as best gaming CPU while keeping Core Ultra 200S Plus at bay [Notebookcheck],137,68,0.84
Nvidia RTX 5090,nvidia,MSI RTX 5090 Lightning sent for repair after customer ‘practises’ and ‘learns how to solder’ on the PCB,134,27,0.93
Nvidia RTX 5090,hardware,ATX Power Supply Timings Exploration and Visualization,134,5,0.91
Nvidia RTX 5090,hardware,CPUID and HWmonitor (file downloads) compromised,133,24,0.93
Owala FreeSip,HydroHomies,Icy brunch water 💧,133,13,1.0
Nvidia RTX 5090,hardware,AmorphousDiskMark and AmorphousMemoryMark are now open-source,132,12,0.94
PS5 Pro,playstation,"Dumb question, help please 🙏🏼",129,21,0.92
Nvidia RTX 5090,hardware,"Qualcomm Snapdragon X2 Elite Extreme Analysis, Benchmarks &amp; Efficiency - Serious rival for Apple and a problem for AMD &amp; Intel",127,115,0.88
iPhone 17,apple,iPhone 18 Pro Deep Red Color Likely as Android Rivals Prep Same Shade,126,43,0.89
PS5 Pro,playstation,Do you 100% games?,124,245,0.92
Owala FreeSip,HydroHomies,Who will drink this,123,23,0.99
Nvidia RTX 5090,hardware,"ASUS introduces ROG Equalizer 12V-2x6 cable, ASUS to offer discounted upgrade for existing ROG PSU users - VideoCardz.com",122,79,0.96
Owala FreeSip,HydroHomies,"I love icy water, I hate feeling ice on my teeth, I present to you: the solution",119,27,0.93
PS5 Pro,playstation,Rate my hotel set-up.,119,31,0.88
Owala FreeSip,HydroHomies,Iron deficient creature simulator,117,13,0.79
Air Jordan 11,Nike,Newest pick up got me second guessing!,117,114,0.89
Nvidia RTX 5090,nvidia,My 5080 Setup,115,14,0.9
Owala FreeSip,HydroHomies,A nice spicy Sunday by the pool,115,12,0.94
Nvidia RTX 5090,buildapc,How many of you have started hoarding your old parts?,114,129,0.93
PS5 Pro,PS5,Professor Layton : The New World of Steam will release in 2026 on many platforms including PS5,111,31,0.91
PS5 Pro,PS5,PRAGMATA Review: Capcom’s New IP is An Adorable Lunarcapitalist Satire With Clever Combat (PS5 Pro),111,2,0.9
Nvidia RTX 5090,buildapc,Spent four months researching my build and the first thing I did after posting my specs was second guess the GPU,110,17,0.88
PS5 Pro,playstation,"Pragmata reviews are out and looking good, tried the demo loved it",110,35,0.94
Air Jordan 11,Sneakers,Recent Pick-Ups,109,21,0.94
Air Jordan 11,Sneakers,Beginning To Find Contentment,108,46,0.97
iPhone 17,iphone,iPhone Air 6 month review,108,61,0.9
Nvidia RTX 5090,hardware,"GDDRHammer and GeForge: 1,171 bit flips on RTX 3060, 202 on RTX A6000, both escalate to root shell via GDDR6 Rowhammer",107,17,0.91
Nvidia RTX 5090,hardware,"Anthropic in chips deals with Google and Broadcom worth hundreds of billions (3,5GW of capacity)",104,25,0.91
Air Jordan 11,Sneakers,UNC &amp; Alaska,103,13,0.97
Nvidia RTX 5090,nvidia,NV-UV 0.93,102,39,0.91
Owala FreeSip,Owala,Friendly reminder during festival season... No carbonation in freesip!,101,21,0.96
Air Jordan 11,Sneakers,LA to Chis on feet today,101,13,0.98
Owala FreeSip,HydroHomies,One of the two silver jugs commissioned by Sawai Singh II of Jaipur in 1902...Used to carry 9000 liters of water while travelling to England,98,1,1.0
Nvidia RTX 5090,hardware,"Samsung’s profit surged 8x in Q1 2026, driven by AI data center boom",95,11,0.95
PS5 Pro,PS5,Warhammer Survivors is coming to PS5 this year with new content,94,8,0.89
iPhone 17,apple,How does Apple Intelligence take up space if it’s turned off?,90,63,0.74
Air Jordan 11,Sneakers,Bordeaux 7s,89,8,0.99
PS5 Pro,PS5,Assassin’s Creed Black Flag Resynced Leak Reveals New Characters and Story Content,89,24,0.93
PS5 Pro,playstation,After the release of grand theft Auto 6 Rockstar Should revive the midnight club series.,88,36,0.89
Air Jordan 11,Sneakers,"10 day Vegas trip, which two you leaving at home?",88,144,0.87
Air Jordan 11,Sneakers,Blue or orange?,85,43,0.89
PS5 Pro,playstation,"How is Flight Simulator 2024 on PS5 Pro? I want to buy it, but it has many low scores on the store.",85,58,0.81
Nvidia RTX 5090,hardware,447 Terabytes per Square Centimetre at Zero Retention Energy: Non-Volatile Memory at the Atomic Scale on Fluorographane,83,8,0.9
Nvidia RTX 5090,hardware,"Global PC shipments actually grew 2.5%in Q1 2026, despite memory crisis and price crunch. According to the latest report from IDC",83,28,0.9
Nvidia RTX 5090,hardware,Modders use jumper wires and a custom BIOS to save a damaged RTX 4090 from the trash — resurrected Nvidia gaming GPU loses 4GB of VRAM to overcome terminal PCB sagging,81,7,0.92
Air Jordan 11,Sneakers,The bar by which all other collab quality is measured 📏📐,79,15,0.93
Nvidia RTX 5090,hardware,"[Level1Techs] 256TB in a Single SSD Is Real, and It's Coming to Consumers",79,44,0.87
iPhone 17,apple,Apple Subpoenas Samsung in South Korea Over DOJ Antitrust Case,79,2,0.94
iPhone 17,apple,Smart Adhesive Is Key to Crease-Free Foldable iPhone Display,75,28,0.89
Air Jordan 11,Sneakers,Which pair W/ light blue jeans .,75,73,0.96
Nvidia RTX 5090,nvidia,MSI 5070 12GB GDDR7 Inspire 3X OC Pick Up &amp; Install,73,13,0.91
Nvidia RTX 5090,nvidia,Resolving Multi-Monitor Desktop Stutters by Adjusting Minimum VRAM P-State via nvidia-smi,70,15,0.92
PS5 Pro,PS5,Mouse: P.I. For Hire - Meet the Cast | PS5 Games,70,1,0.87
iPhone 17,apple,Soundscaper free for 48 hours soundscape app for focus relaxation and sleep,69,41,0.86
Nvidia RTX 5090,hardware,Asus Zenbook A16 Laptop Review - X2 Elite Extreme &amp; 48 GB RAM for $1599,69,37,0.83
Air Jordan 11,Nike,Mind Black Chrome,68,38,0.78
iPhone 17,iphone,Turned my iphone 7 rose gold into an teardown art,68,18,0.83
Air Jordan 11,Sneakers,Got Em 4 Retail,67,16,0.94
Owala FreeSip,Owala,Authentic or Fake Owala Check Megathread,67,1297,0.98
Owala FreeSip,HydroHomies,"I drank water exclusively for three years, here are my findings.",65,10,0.93
iPhone 17,apple,A letter to John Ternus,65,27,0.67
PS5 Pro,PS5,Solarpunk - Release Date Trailer | PS5 Games,64,8,0.9
Owala FreeSip,HydroHomies,Am I the only one who prefers warm water over icy cold?,64,38,0.91
Nvidia RTX 5090,buildapc,Bought a GPU for my office OptiPlex. OptiPlex said no. I now own an entire PC.,63,17,0.86
Nvidia RTX 5090,hardware,Geekbench 6.7 - Geekbench Blog,61,58,0.91
Nvidia RTX 5090,hardware,Intel is going all-in on advanced chip packaging,60,5,0.88
Nvidia RTX 5090,hardware,"Articles
QD-OLED Generations Infographic and FAQ [Updated for 2026]",59,18,0.93
Nvidia RTX 5090,hardware,[Chips and Cheese] Investigating Split Locks on x86-64,59,10,0.91
Air Jordan 11,Sneakers,Casual fit for a Sunday,57,0,0.95
Owala FreeSip,HydroHomies,Wife thinks I Piss too much,56,40,0.81
Owala FreeSip,HydroHomies,"Hold me accountable. Starting Monday, nothing but water for a week. If I fail, I donate $30 to Charity: Water.",54,28,0.89
Owala FreeSip,Owala,Owala Birthday Beach Bash Collection,54,11,0.97
Owala FreeSip,HydroHomies,Bought in Portugal,54,9,0.94
PS5 Pro,playstation,Just finished Alan Wake 2 and got 100% Now to play resident evil requiem,54,8,0.85
Air Jordan 11,Sneakers,Thwip!,53,15,0.97
PS5 Pro,PS5,Buying successive generations of PlayStation consoles for 1 game/series.,51,67,0.76
Owala FreeSip,HydroHomies,I dont care im giving this water a taste,50,17,0.92
Owala FreeSip,Owala,Owala x Monster High concept🩷,50,3,0.97
PS5 Pro,PS5,Arknights: Endfield - [At the Wake of Spring] Version Trailer | PS5 Games,48,23,0.73
Owala FreeSip,Owala,secured my birthday bash bottles! which one(s) did you go for?,47,104,0.96
PS5 Pro,playstation,Blue is my favourite colour,46,2,0.91
PS5 Pro,playstation,I keep buying PlayStation games at the worst possible time,46,94,0.84
PS5 Pro,playstation,Ps5 game suggestions for good combat and to hook me hours on end. I’m an adult and I just need something new and refreshing.,45,180,0.8
Owala FreeSip,HydroHomies,Thirsty Thursday,45,1,0.99
Owala FreeSip,Owala,UO Exclusive 🐆🩷,44,2,1.0
Nvidia RTX 5090,hardware,"[Hardware Canucks] Snapdragon X2E Review - It CRUSHES Everything, but...",43,64,0.72
Owala FreeSip,Owala,just a coupla pool girls 💧🌞,42,14,0.97
iPhone 17,iphone,Accessing a deceased family members phone,41,30,0.77
Nvidia RTX 5090,hardware,Question about future memory technology,41,45,0.81
PS5 Pro,playstation,The amazing statue that came with the Batman: Arkham Origins Collector's Edition.,40,21,0.9
Owala FreeSip,Owala,which birthday bash bottle will you be getting?,40,55,0.94
Owala FreeSip,Owala,2 years of hard daily use,39,13,1.0
Owala FreeSip,Owala,Happy Owala Beach Day 🤭🎉,38,17,0.93
Nvidia RTX 5090,nvidia,Idea: Adaptive Native FPS Limiter to Fix DMFG Overshoot and fluctuations! PSA,38,16,0.83
iPhone 17,apple,Check Who's Using Your iPhone Hotspot Data,37,2,0.85
Air Jordan 11,Nike,Idk if it was a glitch in the system on FNL app but I cooked for my family. Everyone getting slides lol,36,35,0.9
Owala FreeSip,Owala,Sticker or Scuff,36,12,0.86
Air Jordan 11,Sneakers,"Cheap sneakers, cheap solution",34,10,0.85
Owala FreeSip,Owala,Just Ripe - Birthday Bash ATL,34,5,0.96
Owala FreeSip,Owala,I might have too many owalas (and an impulse problem),33,21,0.87
Air Jordan 11,Nike,Light work for a Saturday,33,8,0.97
PS5 Pro,PS5,Official PlayStation Podcast Episode 538: Marshes and Mollusks,33,1,0.79
Nvidia RTX 5090,nvidia,How do new FG presets A and B work in games?,32,26,0.83
Owala FreeSip,Owala,Pretty in pinkkk🥰,32,3,1.0
iPhone 17,iphone,Why doesn’t the text cursor go where we tap?,32,41,0.89
Nvidia RTX 5090,hardware,[News] Decoding Impact: Asia Chipmakers Move to Tackle Helium Strain as Intel Gains Relative Buffer,31,6,0.92
Air Jordan 11,Nike,A shoe so incredibly comfortable to the foot that I had to get a pair for my significant other to wear,30,37,0.81
iPhone 17,apple,App Store fight continues as Apple and Epic clash over court-ordered stay,30,6,0.79
iPhone 17,apple,iOS and iPadOS 26.5 Beta 2 released,30,21,0.81
Nvidia RTX 5090,buildapc,Is the 3050 really that bad?,30,44,0.86
Owala FreeSip,Owala,Lifes hard when you love both dogs and cats,29,2,0.97
Owala FreeSip,Owala,updated: birthday beach bash core vs special edition bottles,28,17,1.0
Air Jordan 11,Sneakers,When you don't have time..,28,0,0.94
Air Jordan 11,Nike,Radiant Green Liquid Air Max on foot,28,10,0.91
PS5 Pro,PS5,Arcadia Fallen II - Launch Trailer | PS5 &amp; PS4 Games,27,1,0.83
Air Jordan 11,Sneakers,On feet today,27,5,1.0
Air Jordan 11,Nike,I feel like these are super slept on.,27,42,0.68
Air Jordan 11,Sneakers,Never lost always found,26,2,0.96
PS5 Pro,PS5,Lokko - GDC Trailer | PS5 Games,26,0,0.81
Nvidia RTX 5090,nvidia,astral 5080 Sharpie build,25,12,0.82
Nvidia RTX 5090,nvidia,Reasonable price for 5050 in Europe,24,42,0.73
Air Jordan 11,Sneakers,The last shoe Kobe played in- Kobe 11 Fade to Black,24,8,0.96
PS5 Pro,PS5,over the hill - Algeria Trailer | PS5 Games,24,4,0.69
Nvidia RTX 5090,hardware,[KitGuruTech] Arctic SENZA Review: Incredible… But Limited,24,10,0.8
iPhone 17,apple,"Gamers File Class Action Against Google, Apple Over In-App Fees (South Korea)",23,4,0.76
Owala FreeSip,Owala,What am I missing?,23,31,0.83
Owala FreeSip,Owala,TODAY: Birthday Beach Bash Release!,23,66,0.87
PS5 Pro,PS5,Missing The Point | OFFICIAL PS5 Launch Trailer,23,0,0.77
Nvidia RTX 5090,hardware,"SambaNova and Intel Announce Blueprint for Heterogeneous Inference: GPUs For Prefill, SambaNova RDUs for Decode, and Intel® Xeon® 6 CPUs for Agentic Tools",22,3,0.76
Owala FreeSip,Owala,Owala Sway - “Nailed It” Colorway,21,4,0.96
Air Jordan 11,Sneakers,Not just for Halloween 🎃,21,1,0.97
iPhone 17,iphone,Does anyone else feel stuck between iPhone and Android?,20,101,0.65
iPhone 17,apple,"watchOS, tvOS and visionOS 26.5 Beta 2 released",20,3,0.84
PS5 Pro,playstation,What would your list look like? Just name your top 3,20,60,0.66
Nvidia RTX 5090,hardware,"ARM's IP for high speed networking (NIC 100-200Gbps, switches or SerDes)",20,2,0.85
Nvidia RTX 5090,nvidia,When to use DLDSR ?,19,51,0.74
Air Jordan 11,Sneakers,Nooo! My Mowabbs!!,19,13,0.92
Nvidia RTX 5090,hardware,Lumentum (optical/laser tech firm) said its order books are almost filled through 2028,18,0,0.88
Nvidia RTX 5090,nvidia,I was living in the dark. Coming from Rog Ally Z1 to RTX 5050.,18,36,0.65
PS5 Pro,PS5,Before I Go - Launch Trailer | PS5 Games,18,3,0.84
Nvidia RTX 5090,nvidia,"A New, but still work in progress build",18,5,0.8
Air Jordan 11,Sneakers,Copped this pair at the thrift for 7$👀👀,17,1,1.0
Air Jordan 11,Sneakers,"I know Nike Waffle Ones don’t get much love, but I think they’re perfect. Natural Cream.",17,9,0.96
Nvidia RTX 5090,hardware,[Tom's Hardware] Silverstone IceMyst Pro 360 Pro Review: Designed for RAM overclocking,17,12,0.87
iPhone 17,iphone,A feature you found by accident,17,24,0.91
Air Jordan 11,Sneakers,"Cool find at Plato’s Closet today, DS 2023 Bape x Adidas Collab.",17,0,0.96
Air Jordan 11,Nike,J1 Retro OG UNC,16,1,1.0
PS5 Pro,playstation,Pragmata coming soon,16,52,0.68
Air Jordan 11,Nike,Nike Nike Vomero Plus arrived with missing logo… is this normal or rare?,16,16,0.83
Air Jordan 11,Sneakers,Rust Pink 3’s,16,0,1.0
iPhone 17,apple,One Tech Tip: A new generation is reviving the iPod for distraction-free listening,16,3,1.0
Nvidia RTX 5090,hardware,[HardwareCanucks] The Legend Returns - Antec 900 review,16,10,0.71
Owala FreeSip,HydroHomies,The best water bottle,16,11,0.89
iPhone 17,iphone,Download phone info of MIL who passed away,15,16,0.78
Owala FreeSip,HydroHomies,nalgene ftw,15,0,0.83
Nvidia RTX 5090,nvidia,NV-UV with ADA Support,14,17,0.89
Air Jordan 11,Sneakers,I absolutely love these work shoes I think they’re the best pair I’ve ever had,14,3,0.85
Air Jordan 11,Nike,KD 6 PBJ,13,2,1.0
Owala FreeSip,Owala,Colorway name?,13,4,0.85
Nvidia RTX 5090,buildapc,Tired of slander against the Ryzen 5500. It's an extremely good budget CPU today.,13,45,0.63
Air Jordan 11,Sneakers,Kicks of the day: Patta New Balance 920,12,0,1.0
Air Jordan 11,Sneakers,Happy Monday! Happy Me!,12,0,0.93
Owala FreeSip,HydroHomies,Does anyone else feel bloated drinking 2 liters on a lazy day?,12,28,0.68
PS5 Pro,playstation,What are your top 10 Games of all time that were and are available on PlayStation?,12,45,0.83
iPhone 17,apple,"iPhone Fold Production Pushed Back, But Fall 2026 Launch Still on Track",12,20,0.69
Air Jordan 11,Sneakers,Is it just me or do these smell way stronger than normal AJ1 leather… like straight out the tannery 😅,11,2,0.92
Owala FreeSip,Owala,My baby is getting her first dings &amp; dents,11,5,1.0
Air Jordan 11,Nike,Only kid allowed to step on my kicks,11,3,0.87
Owala FreeSip,HydroHomies,Overkill?,11,4,0.93
Nvidia RTX 5090,buildapc,What Motherboard are you choosing?,11,8,1.0
Nvidia RTX 5090,nvidia,What would this jump do?,11,27,0.7
Nvidia RTX 5090,nvidia,GeForce 2 Ti 64 MB DDR AGP by VisionTek (Xtasy 5864),11,1,0.87
Air Jordan 11,Nike,Jordan 1 Lost &amp; Found,11,1,1.0
Owala FreeSip,HydroHomies,Half and half,10,7,0.75
PS5 Pro,playstation,Weekly Tech Support &amp; Purchase Recommendations Megathread - April 6th 2026,10,148,0.82
Owala FreeSip,HydroHomies,Vetted Water Charity List,10,0,1.0
Owala FreeSip,HydroHomies,"Homies, what bottles are you using?",10,29,0.79
Air Jordan 11,Sneakers,Pick one,10,2,0.86
Air Jordan 11,Nike,Nike Sizing Guide | Do you agree with my Nike fit recommendations?,10,2,0.86
Owala FreeSip,HydroHomies,I love this bottle,10,1,0.92
Air Jordan 11,Sneakers,What’s on feet today?,9,5,0.84
Nvidia RTX 5090,nvidia,Best settings for Dynamic MFG?,9,23,0.69
Owala FreeSip,Owala,I got scammed on Google Shopping!,9,4,0.8
Air Jordan 11,Nike,Got myself first nike shoes,9,2,0.85
Air Jordan 11,Nike,Nike Sacai LDwaffle,9,2,0.91
Nvidia RTX 5090,nvidia,RTX Founders Edition (FE) GPU Availability in Europe,8,14,0.69
Nvidia RTX 5090,buildapc,Worth going from 5600x to 5500x3d?,8,34,0.84
Air Jordan 11,Sneakers,John Elliott x Nike Air Force One,8,0,1.0
Owala FreeSip,HydroHomies,I drank so much water today my belly is full of water,8,7,0.61
iPhone 17,iphone,Latest iOS reverts to unwanted autoplay music,8,15,0.83
Owala FreeSip,Owala,Releasing 5/12 at Dick’s and Scheels!,8,7,1.0
Nvidia RTX 5090,nvidia,5080 and cyberpunk: what settings do you use?,7,24,0.63
Owala FreeSip,Owala,"Owala Accessories, Gifts Megathread",7,38,1.0
Air Jordan 11,Sneakers,Please help! I want to identify this Nike sneakers.,7,3,0.89
Air Jordan 11,Sneakers,A shoe so incredibly comfortable to the foot that I had to get a pair for my significant other to wear,7,1,0.89
Nvidia RTX 5090,hardware,Squishy Photonic Switches Promise Ultra Fast Low Power Logic,7,0,0.89
Owala FreeSip,HydroHomies,"Hydration Stations at annual Tulip Festival held in Skagit County, WA",7,1,0.83
Nvidia RTX 5090,nvidia,Low-budget upgrade suggestion,7,25,0.73
Nvidia RTX 5090,hardware,[KitGuruTech] Corsair Galleon 100 SD Review - Corsair Put a Stream Deck in a Keyboard... Why Though?,7,1,0.71
Air Jordan 11,Nike,3 Sneaker Collection,6,0,1.0
Air Jordan 11,Nike,"Nike Plans June Release Of Kobe 4 Protro 'Draft Day' Collection, On 30th Anniversary Of Kobe Bryant's Draft Date - The Industry Cosign",6,1,0.88
PS5 Pro,PS5,"Honkai: Star Rail | Version 4.2 Trailer: ""So Laughed the Masses"" (Third Anniversary Update)",6,0,0.58
Nvidia RTX 5090,nvidia,Water cooling the RTX 5090 Astral GPU dropped VRAM temps from 62°C to 35°C - here's the results.,6,1,0.75
Air Jordan 11,Sneakers,AF1s,6,0,0.88
iPhone 17,apple,"Nonoverse - nonogram image logic puzzles (free, no ads, works offline)",6,19,0.58
Nvidia RTX 5090,buildapc,3090 vs 5060 ti?,5,19,0.78
Nvidia RTX 5090,nvidia,5070ti/5080 vs 4090,5,130,0.54
Nvidia RTX 5090,hardware,Logic Transistor Density Calculator,5,1,0.65
Nvidia RTX 5090,buildapc,Upgrade from 1050ti,5,11,0.86
Nvidia RTX 5090,buildapc,"Building my first gaming pc, is there anything I should swap out?",5,11,0.86
Owala FreeSip,AmazonFinds,RUN !!,5,0,1.0
Nvidia RTX 5090,nvidia,Is it worth upgrading from a 2080 Super to a 3080?,5,47,0.59
Nvidia RTX 5090,buildapc,DDR4 in 2026,5,52,0.65
Air Jordan 11,Nike,Free 5.0 og,5,0,1.0
Air Jordan 11,Nike,Need Help on Model,5,3,0.86
Air Jordan 11,Nike,Winner winner chicken dinner won both pairs LETS GOOOO!!!!!!,5,4,0.78
PS5 Pro,playstation,Fable Developer Confirms Delay Rumor Is False,5,0,0.86
Air Jordan 11,Sneakers,where my dads at pull up,5,0,1.0
PS5 Pro,playstation,Is the Attack Shark R82HE or the HyperX Alloy Origins 60 compatible with PS5?,5,1,1.0
Air Jordan 11,Sneakers,These are so comfortable to me,5,1,1.0
iPhone 17,iphone,"Good, cheap case for iPhone 15 pro max?",4,13,0.83
Nvidia RTX 5090,buildapc,Tv or Monitor for 1440p gaming,4,9,0.7
Nvidia RTX 5090,buildapc,"Simple Questions - April 08, 2026",4,158,1.0
Air Jordan 11,Nike,Got lucky this morning.,4,0,0.84
Nvidia RTX 5090,buildapc,4080 vs 5070 Ti for VR Assetto Corsa?,4,7,0.75
Owala FreeSip,Owala,OG Freesip VS Freesip Sway,4,11,1.0
iPhone 17,iphone,My iPhone 17 pro max 4x camera has this weird looking thread in the camera. Anyone knows what this is? Obviously I’ve checked the lens and it’s most definitely clean.,4,12,0.75
Owala FreeSip,Owala,Stains from stickers on owala?,4,6,0.7
Nvidia RTX 5090,buildapc,Help finding a good budget monitor (Student),3,9,1.0
Owala FreeSip,Owala,"Is it just me, or does the sway not keep water cold like the free sip does?",3,5,0.8
Nvidia RTX 5090,buildapc,Transfer everything from hard drive to nvme m.2?,3,12,0.81
PS5 Pro,playstation,What is going on with my mic?,3,1,1.0
PS5 Pro,playstation,Feintech 210 splitter with Wiz ambilight,3,0,1.0
Nvidia RTX 5090,buildapc,Build Check: Ryzen 7 9800X3D + RTX 5080,3,8,1.0
Nvidia RTX 5090,buildapc,£2.5k budget for pc build,3,18,0.8
PS5 Pro,playstation,30th Anniversary Controller,3,20,0.72
Owala FreeSip,HydroHomies,Best Electrolytes to use with Desalinated/ RO water,3,3,1.0
Air Jordan 11,Sneakers,Thrifted these onitsuka tiger but can't find anything about them.,3,4,1.0
PS5 Pro,playstation,Tips for buying used PS5 ( Marketplace/OfferUp etc ),3,8,0.64
iPhone 17,iphone,Anyone else having WiFi issues on iOS 26.4 / 26.4.1?,3,4,1.0
Air Jordan 11,Nike,Kobe 11 Elite Protos FTB - SNKRS Asia,3,0,1.0
iPhone 17,iphone,Will this case fit or did Otterbox screw me over?,3,2,0.62
iPhone 17,apple,"Weekly Advice Thread - April 12, 2026",3,53,0.67
iPhone 17,iphone,"iPhone Fold Production Pushed Back, But Fall 2026 Launch Still on Track",3,0,0.61
Owala FreeSip,AmazonFinds,Pro Food Chopper $26 buy Quick 48% off sale only lasts for 2 hours!,3,0,1.0
Owala FreeSip,Owala,anyone see owala now has free shipping for $135+ orders? is this new?,3,9,1.0
Owala FreeSip,Owala,what owala is this?,3,3,1.0
Owala FreeSip,Owala,Sun-Day Tote Update: All on Backorder,3,21,0.71
iPhone 17,iphone,Scheduled charging ?,2,5,1.0
iPhone 17,iphone,iphone 12 unresponsive screen,2,2,1.0
PS5 Pro,playstation,Video of new ps5 UI?,2,0,1.0
Owala FreeSip,AmazonFinds,Welcome to r/AmazonFinds — Read Before Posting,2,0,1.0
Owala FreeSip,AmazonFinds,Found this cute hand warmer ☺️❄️%$,2,0,1.0
iPhone 17,iphone,Weekly 'What Should I Buy' and Order/Shipping Thread,2,93,0.63
iPhone 17,iphone,Weekly iOS Battery Support Megathread,2,6,1.0
Air Jordan 11,Sneakers,New Releases Thread 4/13 - 4/19,2,0,1.0
Nvidia RTX 5090,buildapc,Bottleneck?,2,42,0.67
iPhone 17,apple,macOS 26.5 Beta 2 released,2,1,0.56
Nvidia RTX 5090,buildapc,New PC build &gt; Power issues / No apparent power &gt;,2,1,1.0
Owala FreeSip,AmazonFinds,Ulike Laser Hair Removal 40% off,2,0,0.75
Nvidia RTX 5090,buildapc,Buying used pc advice,2,4,1.0
Owala FreeSip,HydroHomies,DIY Public Drinking Fountains,2,12,0.63
Nvidia RTX 5090,buildapc,Need feedback on my pc,2,3,1.0
Owala FreeSip,Owala,New color frequency,2,2,1.0
Air Jordan 11,Sneakers,Creased to hell Celine trainers,2,0,1.0
Owala FreeSip,Owala,Halppp. Anyone have an extra Azalea Owala to sell?,2,2,0.75
Air Jordan 11,Sneakers,KD 6 PBJ,2,0,1.0
Nvidia RTX 5090,buildapc,"Upgrading my Daughters PC, some questions on AMD Bundles",2,16,1.0
Owala FreeSip,Owala,Dropped my Owala Sway… and now part of the handle is gone 😭,2,1,1.0
Owala FreeSip,Owala,Does anyone have an Owalla Sally Sells Bottle for Sale?,2,0,1.0
Owala FreeSip,HydroHomies,How do you guys remember to drink water when hyper-focused? I finally had to build my own fix.,2,11,0.57
Air Jordan 11,Sneakers,Best insoles for Jordan 13 ? I had he got game 2013 release with stock inserts and they were the most comfortable shoes I have ever had.,2,3,1.0
Owala FreeSip,Owala,Best color to hide chips/dings?,2,3,1.0
Nvidia RTX 5090,buildapc,I need help choosing between motherboards in Micro Center bundles,2,4,1.0
Nvidia RTX 5090,buildapc,Does everything look good? 1st PC,2,14,1.0
Nvidia RTX 5090,buildapc,"Looking for a NAS tower case under 45cm height (8x 3.5"" HDDs)",2,1,0.76
Owala FreeSip,Owala,which birthday bash bottle is your favorite?,2,9,1.0
Owala FreeSip,HydroHomies,Tap water filter for good tap water but a bit worried,2,0,0.76
Air Jordan 11,Nike,Je cherche des personnal shopper,2,0,1.0
Nvidia RTX 5090,buildapc,I need help with building a pc,2,0,1.0
iPhone 17,iphone,Camera issue,2,9,0.67
Air Jordan 11,Nike,One of 1. NYY/NYG Inspired.,2,0,1.0
Air Jordan 11,Sneakers,AJ4 right size,2,4,1.0
Air Jordan 11,Sneakers,Flint 7s,2,1,1.0
Nvidia RTX 5090,buildapc,[BuildHelp] MSI B550M VC BIOS Flash for 9 seconds,2,2,1.0
Nvidia RTX 5090,buildapc,"Persistent system-wide microstutter in Windows, games, and BIOS – LatencyMon shows nvlddmkm.sys DPC spikes (multiple full hardware replacements + clean installs failed)",2,2,1.0
Nvidia RTX 5090,buildapc,How is this PC build? PS: I have not bought it yet,2,6,1.0
Nvidia RTX 5090,buildapc,New nvme won’t show up in bios,2,0,0.75
Nvidia RTX 5090,nvidia,Are there any owners of the 5090 ichill x3? can't find any opinions on it,1,10,0.53
Nvidia RTX 5090,nvidia,How to activate Dynamic Frame Generation via NVPI?,1,21,0.53
Air Jordan 11,Sneakers,Black leather sneakers for umder 200€?,1,3,1.0
Air Jordan 11,Sneakers,Jordan 1 “Alaska” orange lace swap,1,0,1.0
iPhone 17,iphone,iSmash UK quoting a shorter warranty in-store than what is advertised online,1,0,1.0
Air Jordan 11,Sneakers,Anyone know what shoes these are exactly? Pretty sure it’s Air Force 1 lows. But I haven’t seen that pattern before. Anyone know?,1,1,1.0
iPhone 17,iphone,iPhone 14 Pro - iOS 26.4.1 - Anyone notice inconsistent cellular connection after updating? (Tmobile),1,1,1.0
Air Jordan 11,Nike,CO.JP Tokyo AJ1,1,0,1.0
iPhone 17,iphone,Regarding Back Glass Repair,1,1,0.67
iPhone 17,iphone,Iphone 17 group messages very slow to load,1,2,1.0
Owala FreeSip,Owala,Peachy keen bottle with what color replacement lid?,1,0,1.0
iPhone 17,iphone,Brand new iphone 17 call app lags and hangs.,1,3,0.67
iPhone 17,iphone,Iphone completely soft locked,1,4,0.56
Nvidia RTX 5090,buildapc,Pc build for £900-1000,1,2,1.0
Nvidia RTX 5090,buildapc,where do i start????,1,7,0.67
Nvidia RTX 5090,buildapc,Help me build a 1440 pc,1,10,1.0
Nvidia RTX 5090,buildapc,Workstation build for numerical computations and,1,4,1.0
Nvidia RTX 5090,buildapc,I wanr to upgrade my moms pc,1,11,0.67
Nvidia RTX 5090,buildapc,Does this mean that I just have to not use the side panel?,1,6,1.0
Nvidia RTX 5090,buildapc,Proper boot device?,1,5,1.0
Nvidia RTX 5090,buildapc,Needing some advice on my $1600 music production/gaming PC,1,5,1.0
Nvidia RTX 5090,buildapc,Sleeper build/Help,1,1,1.0
Nvidia RTX 5090,buildapc,Scraped something off of the back of my morherboard,1,5,1.0
Nvidia RTX 5090,buildapc,"Maybe a stupid question, but are there dedicated intake and exhaust fans?",1,4,1.0
Nvidia RTX 5090,buildapc,Build check/using old memory,1,2,1.0
Nvidia RTX 5090,buildapc,Pc Upgrade suggestions in preparation for Forza Horizon 6 next month.,1,2,1.0
Nvidia RTX 5090,buildapc,Anything I should swap out fellow pc nerds?,1,7,1.0
Air Jordan 11,Nike,Last Metcon with thicker insole?,1,3,1.0
PS5 Pro,playstation,Portable game drive question,1,2,0.66
PS5 Pro,playstation,Can a regular DualSense fit in a DualSense Edge case?,1,2,0.6
PS5 Pro,playstation,Help pls guys my ps5 won't connect with my samsung tv help 🙏,1,6,0.67
PS5 Pro,playstation,Looking for a game title.,1,2,0.67
iPhone 17,iphone,"Hey everyone, I have an Iphone 13 and I want to use an external screen to read music sheets. Do you have any ideas ?",1,0,1.0
iPhone 17,iphone,1x1 icon for mail notifications,1,2,1.0
iPhone 17,iphone,Hesitation on updating,1,0,1.0
iPhone 17,iphone,Que se puede hacer con el i phone 6,1,0,0.67
iPhone 17,iphone,Cannot unmute/Like/Forward Reels in Instagram Chat in Brave Mobile Browser,1,0,1.0
iPhone 17,iphone,Is there a way to recover music on my phone that I imported into iTunes from CDs?,1,0,1.0
PS5 Pro,playstation,PS3 running on high,1,2,0.6
Air Jordan 11,Jumpman23,JUMPMAN,1,0,1.0
Owala FreeSip,AmazonFinds,"Nutrafol Women's Hair Growth Supplements, Ages 18-44 -$87.99",1,0,1.0
Owala FreeSip,AmazonFinds,RUNmax 20LBS - 150LBS Adjustable Weighted Vest Wtih Shoulder Pads Option for Men and Women -$52.54,1,0,1.0
Owala FreeSip,AmazonFinds,"Deal: ECOVACS DEEBOT T30S Pro Robot Vacuum and Mop with 11,000 Pa Suction, Auto Empty Station Smart Navigation AI Edge Cleaning Robot,10-in-1 Cleaning Station 70%",1,0,1.0
Owala FreeSip,AmazonFinds,"Deal: dreame D20 Plus Auto-Empty Robot Vacuum and Mop, 13000Pa Strong Suction, HyperStream Anti-Tangle Brush, 150 Days Hands-Free, Infrared Edge Cleaning, App Control 50% off",1,0,1.0
Owala FreeSip,AmazonFinds,"96"" Sectional Couches for Living Room Cloud Couch Sofa with L-Shape Upholstered Boneless Couch -$359.99",1,0,1.0
Owala FreeSip,AmazonFinds,"108 Inch Sectional Sleeper Sofa with Pull Out Bed, U Shaped 7 Seat Modular Sectional Sofa with Storage -$1,199.99",1,0,1.0
Owala FreeSip,AmazonFinds,"Deal: dreame D20 Plus Auto-Empty Robot Vacuum and Mop, 13000Pa Strong Suction, HyperStream Anti-Tangle Brush, 150 Days Hands-Free, Infrared Edge Cleaning, App Control 50% off",1,0,1.0
Owala FreeSip,AmazonFinds,"Deal: ECOVACS DEEBOT T50 PRO Omni Robot Vacuum and Mop, 8.1cm Ultra-Thin, 15000Pa Suction, ZeroTangle &amp;TruEdge 2.0, AIVI 3.0 Obstacle Avoidance, Auto Mop Wash/Dry/Refill, Self-Emptying, Pet Hair Friendly 50% off",1,0,1.0
Owala FreeSip,AmazonFinds,"50 Piece Roses in a Velvet Box, Flowers for Delivery, Presereved Flowers Birthday Gifts for Women Mom and Wife (Red) -$129.99",1,0,1.0
Owala FreeSip,AmazonFinds,Double Basket Ninja Air Fryer - $189.99,1,0,1.0
Air Jordan 11,Nike,Stepping out for a bit today. Which one should I throw on feet?!?,1,2,0.57
Air Jordan 11,Nike,Shot in the dark here,1,1,1.0
Owala FreeSip,AmazonFinds,Automatic Food Vacuum Sealer -$113.97,1,0,1.0
Owala FreeSip,AmazonFinds,Select-A-Spice Auto-Measure Carousel - $40.99,1,0,1.0
Owala FreeSip,AmazonFinds,Electric Coffee Warmer - $60,1,0,1.0
Owala FreeSip,AmazonFinds,Micro-Pop Microwave Popcorn Popper -$15,1,0,1.0
Owala FreeSip,AmazonFinds,Knife set with Build in block - $38,1,0,1.0
Owala FreeSip,AmazonFinds,AI Smart Air Fryer -under $350,1,0,1.0
Owala FreeSip,AmazonFinds,Meaningful Beauty Youth Activating Melon Serum -$93.99,1,0,1.0
Owala FreeSip,AmazonFinds,"Deal: ECOVACS DEEBOT T30S Pro Robot Vacuum and Mop with 11,000 Pa Suction, Auto Empty Station Smart Navigation AI Edge Cleaning Robot,10-in-1 Cleaning Station 70% off",1,0,1.0
Owala FreeSip,AmazonFinds,"ghd Platinum+ Styler ― 1"" Flat Iron Hair Straightener -$318.99",1,0,1.0
Owala FreeSip,AmazonFinds,Knee pad$ for gardening,1,0,1.0
Owala FreeSip,AmazonFinds,[7% Off] Chalk Markers 8 Vibrant Colors - $5.49 (Coupon),1,0,1.0
Owala FreeSip,AmazonFinds,Amazing Amazon pillow $,1,0,1.0
Owala FreeSip,AmazonFinds,Cute and fun Amazon finds for kids - $pecial occasion gifts,1,0,1.0
Owala FreeSip,AmazonFinds,This $ outfit surprised me in a good way,1,0,1.0
Owala FreeSip,AmazonFinds,"hooga Red Light Therapy Blanket Pod, Full Body -$1399.99",1,0,1.0
Owala FreeSip,AmazonFinds,WITHINGS Body Scan - Connected WiFi Scale to Improve Your Health -$499.95,1,0,1.0
Owala FreeSip,AmazonFinds,Found this list of 2026 Kitchen Essentials - some of these are actually game-changer$,1,0,0.67
Owala FreeSip,AmazonFinds,Found This Pillow for Side Sleepers %,1,4,1.0
Owala FreeSip,AmazonFinds,Best Amazon wall art finds under $30 that actually look expensive,1,0,1.0
Owala FreeSip,AmazonFinds,Amazon products that are actually worth buying%,1,1,1.0
Owala FreeSip,AmazonFinds,Epionce Intensive Nourishing Cream – Rich Anti-Aging Moisturizer -$131.99,1,0,1.0
Owala FreeSip,AmazonFinds,Revision Skincare C+ Correcting Complex 30%® Vitamin C Serum for Face -$115.99,1,0,1.0
Owala FreeSip,AmazonFinds,Dermalogica Skin Smoothing Cream - Face Moisturizer -$81.99,1,0,1.0
Owala FreeSip,AmazonFinds,Charlotte Tilbury Pillow Talk Dreams Come True Makeup Kit - Limited Edition 15-Piece Beauty Gift Set -$389.99,1,0,1.0
Owala FreeSip,AmazonFinds,"Nutrafol Women's Balance Hair Growth Supplements, for Ages 45+ -$175.99",1,0,1.0
Owala FreeSip,HydroHomies,My dream water experience.,1,0,1.0
Owala FreeSip,AmazonFinds,Touch Screen Toaster - $50,1,0,1.0
Air Jordan 11,Jumpman23,r/Jumpman23 Lounge,1,0,1.0
Owala FreeSip,AmazonFinds,Mi Arcus Kids Bamboo Dinnerware Set 5-Piece Eco-Friendly Bento Plates &amp; Utensils for Toddlers &amp; Kids$,1,0,1.0
Owala FreeSip,Owala,Super Subtle,1,5,1.0
Nvidia RTX 5090,nvidia,Best setup for MiniMax-M2.7 (230B) | 3x RTX 5090 | Threadripper 9975 | 512GB RAM,1,0,1.0
Nvidia RTX 5090,nvidia,Videocard maintenance,1,3,0.67
Owala FreeSip,Owala,New to Owala FreeSip! Just a little concern...,1,3,0.67
Owala FreeSip,Owala,Which,1,2,0.67
Air Jordan 11,Nike,"Outlet find! Dunk Low Next Nature ""White/Pale Coral""",1,0,0.67
Owala FreeSip,Owala,Replacement Straw,1,2,1.0
Owala FreeSip,Owala,I back ordered a Artic storm owala water bottle and they refunded me help,1,4,1.0
Owala FreeSip,Owala,Birthday Bash,1,7,1.0
Owala FreeSip,AmazonFinds,Reverse Osmosis System Countertop Water Filter - $317,1,0,1.0
Owala FreeSip,HydroHomies,Water dispenser with adjustable time/limiter,1,0,1.0
Air Jordan 11,Nike,Air Force 1 sizing for 2E,1,1,1.0
Owala FreeSip,AmazonFinds,[-33%] 8BitDo SN30 Pro Bluetooth Controller – $29.99,1,0,1.0
Owala FreeSip,AmazonFinds,Great Offer Today - Vibration plate $,1,0,1.0
Air Jordan 11,Nike,Identification help!,1,5,1.0
Air Jordan 11,Nike,McDonald's fry,1,0,0.66
Air Jordan 11,Nike,Unique selling question.,1,5,1.0
Air Jordan 11,Nike,Nike China Olympics 2008 Split Windbreaker,1,0,1.0
Owala FreeSip,AmazonFinds,Amazon.com: Terra Kaffe Super Automatic Espresso Machine - App-Enabled Coffee Machine - Auto Wake &amp; Sleep - All Milk Types - Roaster-Approved Espresso Settings - Cappuccino Machines for Home - APP controlled - under $1997,1,0,1.0
Owala FreeSip,AmazonFinds,"The Little Prince (Paperback): Timeless Classic Story on Love, Friendship $ Imagination",1,0,1.0
Owala FreeSip,AmazonFinds,Plastic Storage Containers Set – Leak-Proof Kitchen $ Fridge Organizers (Set of 6),1,0,1.0
Nvidia RTX 5090,buildapc,Please help with building pc,0,2,0.5
Owala FreeSip,AmazonFinds,"My purchase today - Ultra Soft Queen Size Mattress Topper - 46% on the todays deals, too good to resist",0,1,0.5
Nvidia RTX 5090,buildapc,GTA V Legacy freezing occasionally for ~3 seconds,0,0,0.5
PS5 Pro,playstation,PlayStation premium,0,2,0.5
Air Jordan 11,Nike,Can anyone id this model of Nike track pants please?,0,1,0.4
Owala FreeSip,HydroHomies,My unfinished water tier list,0,16,0.37
PS5 Pro,PS5,Overwatch - Season 2: Summit Trailer | PS5 &amp; PS4 Games,0,0,0.31
Owala FreeSip,Owala,"Will Birthday Bash collection show up at Target or other stores? And if so, when?",0,1,0.33
Air Jordan 11,Nike,What is this shoe?,0,4,0.14
Nvidia RTX 5090,buildapc,CPU Upgrade Advice,0,16,0.5
Owala FreeSip,HydroHomies,Alternative to Propel water flavoring?,0,19,0.5
Owala FreeSip,Owala,Canadian website?,0,5,0.4
Owala FreeSip,HydroHomies,Silicone straw caps for bottles,0,0,0.5
Owala FreeSip,HydroHomies,Am I bl@sphemous for drinking Water straight from the jug?,0,6,0.45
Owala FreeSip,HydroHomies,Since you criticized the last tier list I made,0,27,0.4
Owala FreeSip,Owala,Need help deciding new Owala color and help with sizing :),0,6,0.5
Owala FreeSip,HydroHomies,Yup,0,4,0.35
PS5 Pro,PS5,Fix for NW-102636-8 / CE-109506-1 on PS5: Sony support was useless.,0,13,0.28
PS5 Pro,PS5,Is FIFA worth buying on PS5 or should I just stick to eFootball?,0,10,0.29
PS5 Pro,PS5,PS5 Pro Panic Buyers: What are your early impressions?,0,91,0.38
Air Jordan 11,Nike,Tech fleece reflective legit check,0,3,0.14
Air Jordan 11,Nike,ID on these?,0,1,0.25
Nvidia RTX 5090,nvidia,Water cooling the RTX 5090 Astral GPU dropped VRAM temps from 62°C to 35°C - here's the performance gains.,0,11,0.35
Nvidia RTX 5090,hardware,Correlation between the increase of load and non-processor system power,0,8,0.5
PS5 Pro,playstation,Subscription renewed after turned off auto renewal,0,9,0.33
Nvidia RTX 5090,nvidia,Help for new gpu! 4090 or 5080,0,56,0.29
Nvidia RTX 5090,nvidia,Do I need an NVIDIA dGPU (for CUDA) in a new laptop as a prospective research student?,0,17,0.38
Air Jordan 11,Nike,Legit check Jordan 4 Black cat,0,6,0.42
Nvidia RTX 5090,nvidia,DLSS 4.5 blind test: can you guess the Presets (M vs L) and quality levels?,0,23,0.47
Air Jordan 11,Nike,"WTF?! I bought this yesterday, never even put it in the dryer, and now it looks like this",0,10,0.18
Nvidia RTX 5090,nvidia,"Best DLSS 4.5 settings for 1440p Native Resolution? Pc specs : 5080, 9800 x3D, 32 gb ddr 5 ram",0,38,0.43
Nvidia RTX 5090,nvidia,Which DLSS preset for 4070ti 4k performance ?,0,24,0.25
Nvidia RTX 5090,nvidia,Nvidia-backed SiFive hits $3.65 billion valuation for open AI chips,0,1,0.13
Air Jordan 11,Nike,Legit check Jordan 4 oreo,0,0,0.27
Air Jordan 11,Nike,Are these authentic af1 07?,0,2,0.2
Air Jordan 11,Nike,Aj4 white thunder legit check,0,0,0.43
Nvidia RTX 5090,nvidia,So I got a 5080. What's the reccomeded Dlss and FG settings?,0,28,0.25
Air Jordan 11,Nike,What Nikes are these?,0,15,0.22
Nvidia RTX 5090,nvidia,3060 to 5070 question.,0,18,0.33
Nvidia RTX 5090,nvidia,Can EVGA 3090 Handle this Setup? [x1 OLED 1440p 360hz] [x2 OLED 1440p 240hz],0,13,0.38
Air Jordan 11,Nike,Lc aj4 oreo,0,0,0.29
Nvidia RTX 5090,nvidia,Upgrade 3080 or get a monitor,0,27,0.33
Air Jordan 11,Nike,Is the nike x stussy spiridon cage 2 authentic? i found them at carousel,0,2,0.5
Air Jordan 11,Nike,Ronaldo = Football,0,0,0.5
Air Jordan 11,Nike,which p6000s should i get?,0,4,0.33
Air Jordan 11,Nike,Ronaldo = Football,0,0,0.5
iPhone 17,apple,Macbook Neo vs. M4 Air (2025) - Final Performance Test - Marko,0,1,0.45
iPhone 17,apple,Checking In - 100% Free app for couples to share their feelings with each other,0,29,0.37
Owala FreeSip,AmazonFinds,"Found these lavender sachets for drawers and car — they last 30+ days for $18.99, anyone tried similar?",0,1,0.5
iPhone 17,iphone,Any Creative solutions for iphones getting full?,0,8,0.5
PS5 Pro,playstation,Can I use PlayStation gift card and my credit card on the same purchase? Thanks!,0,15,0.44
PS5 Pro,playstation,Will I not be able to play certain games with just ps plus essential?,0,12,0.2
PS5 Pro,playstation,can you make media folders on ps5?,0,1,0.5
PS5 Pro,playstation,What happened to backwards compatibility on PS4/PS5? I remember that on PS3 we could have more PS1 games.,0,24,0.18
Nvidia RTX 5090,nvidia,Which graphics card upgrade? 3060 or 4060?,0,2,0.14
iPhone 17,iphone,Is this normal?,0,2,0.5
iPhone 17,iphone,We built a real-life hide &amp; seek game with live GPS tracking!,0,1,0.5
iPhone 17,iphone,iPhone 18 camera upgrades?,0,2,0.33
iPhone 17,iphone,Unlock iohone 4s requesting iTunes login,0,0,0.5
iPhone 17,iphone,Forgotten iPhones: iPhone 12?,0,37,0.5
iPhone 17,iphone,Protective case,0,1,0.5
iPhone 17,iphone,Typing on iPhone Keyboard Frustration!!,0,2,0.5
iPhone 17,iphone,Has anyone changed from 14 pro max to 17 pro? (Not max),0,11,0.5
iPhone 17,iphone,if someone blocks me would I be able to see their focus status?,0,5,0.4
iPhone 17,iphone,Voice isolation won’t turn off!!,0,0,0.5
iPhone 17,iphone,Fotos voltando no iPhone,0,5,0.33
iPhone 17,iphone,"When I call someone it rings once (or no ring at all) and goes straight to “Call Failed”, but sometimes it does ring 5+ times and says call failed, am I blocked?",0,2,0.5
iPhone 17,iphone,White screen issue,0,2,0.33
iPhone 17,iphone,oldest iphone that let u record videos with flashlight on?,0,2,0.29
iPhone 17,iphone,Will i be able to see someone’s focus status if they blocked me?,0,23,0.4
Nvidia RTX 5090,nvidia,Question about OC/UV in Afterburner,0,4,0.33
